<?xml version="1.0" encoding="UTF-8"?>
<project-private xmlns="http://www.netbeans.org/ns/project-private/1">
    <editor-bookmarks xmlns="http://www.netbeans.org/ns/editor-bookmarks/2" lastBookmarkId="0"/>
    <open-files xmlns="http://www.netbeans.org/ns/projectui-open-files/2">
        <group>
            <file>file:/C:/Users/oskca/Music/eBookHub/src/java/modelDAO/SucursalDAO.java</file>
            <file>file:/C:/Users/oskca/Music/eBookHub/web/view/listarCategoria.jsp</file>
            <file>file:/C:/Users/oskca/Music/eBookHub/web/view/listarSucursal.jsp</file>
            <file>file:/C:/Users/oskca/Music/eBookHub/src/java/model/Sucursal.java</file>
            <file>file:/C:/Users/oskca/Music/eBookHub/src/java/modelDAO/CategoriaDAO.java</file>
            <file>file:/C:/Users/oskca/Music/eBookHub/src/java/controller/Controlador.java</file>
            <file>file:/C:/Users/oskca/Music/eBookHub/src/java/model/Categoria.java</file>
        </group>
    </open-files>
</project-private>
