<?xml version="1.0" encoding="UTF-8"?>
<project-private xmlns="http://www.netbeans.org/ns/project-private/1">
    <editor-bookmarks xmlns="http://www.netbeans.org/ns/editor-bookmarks/2" lastBookmarkId="0"/>
    <open-files xmlns="http://www.netbeans.org/ns/projectui-open-files/2">
        <group>
            <file>file:/C:/Users/Usuario/Documents/NetBeansProjects/TonysKinal2023-2019111/src/org/pedromedina/main/Principal.java</file>
            <file>file:/C:/Users/Usuario/Documents/NetBeansProjects/TonysKinal2023-2019111/src/org/pedromedina/controller/EmpresaController.java</file>
            <file>file:/C:/Users/Usuario/Documents/NetBeansProjects/TonysKinal2023-2019111/src/org/pedromedina/controller/MenuPrincipalController.java</file>
            <file>file:/C:/Users/Usuario/Documents/NetBeansProjects/TonysKinal2023-2019111/src/org/pedromedina/controller/ServicioController.java</file>
            <file>file:/C:/Users/Usuario/Documents/NetBeansProjects/TonysKinal2023-2019111/src/org/pedromedina/controller/ProductosHasPlatosController.java</file>
            <file>file:/C:/Users/Usuario/Documents/NetBeansProjects/TonysKinal2023-2019111/src/org/pedromedina/bean/Servicio.java</file>
        </group>
    </open-files>
</project-private>
